"Energy","Efficiency"
0.000000000000000000e+00,0.000000000000000000e+00
2.102102102102102188e-01,5.103470809892338177e-05
4.204204204204204376e-01,4.088888127460982465e-03
6.306306306306306286e-01,2.535560860404362932e-02
8.408408408408408752e-01,6.728903295552997321e-02
1.051051051051051122e+00,1.466246905867745753e-01
1.261261261261261257e+00,2.681186406985704984e-01
1.471471471471471615e+00,4.227177495795061968e-01
1.681681681681681750e+00,5.717632843854376645e-01
1.891891891891891886e+00,6.871644057300246855e-01
2.102102102102102243e+00,7.599736941137265056e-01
2.312312312312312379e+00,8.046746518051968167e-01
2.522522522522522515e+00,8.290912386854291105e-01
2.732732732732732650e+00,8.437405521843551748e-01
2.942942942942943230e+00,8.530410154132849199e-01
3.153153153153153365e+00,8.593502342655786608e-01
3.363363363363363501e+00,8.643117381303188074e-01
3.573573573573573636e+00,8.682567097555315971e-01
3.783783783783783772e+00,8.715811070718483267e-01
3.993993993993994351e+00,8.744119597394035548e-01
4.204204204204204487e+00,8.767677748526023773e-01
4.414414414414414622e+00,8.787116297543237087e-01
4.624624624624624758e+00,8.802087993905257646e-01
4.834834834834834894e+00,8.813664558239734381e-01
5.045045045045045029e+00,8.822439999985588477e-01
5.255255255255255165e+00,8.829013491190701446e-01
5.465465465465465300e+00,8.834114245050966874e-01
5.675675675675676324e+00,8.837915867318150154e-01
5.885885885885886459e+00,8.840859187629733773e-01
6.096096096096096595e+00,8.843237506261443226e-01
6.306306306306306730e+00,8.845325579748379852e-01
6.516516516516516866e+00,8.847294143759484308e-01
6.726726726726727001e+00,8.849180560032683385e-01
6.936936936936937137e+00,8.850997455297734406e-01
7.147147147147147273e+00,8.852748505468224227e-01
7.357357357357357408e+00,8.854436150855000687e-01
7.567567567567567544e+00,8.856062556674761943e-01
7.777777777777777679e+00,8.857629801578564832e-01
7.987987987987988703e+00,8.859139894908013568e-01
8.198198198198198838e+00,8.860594774455929912e-01
8.408408408408408974e+00,8.861996312311957169e-01
8.618618618618619109e+00,8.863346317090299298e-01
8.828828828828829245e+00,8.864646536081938200e-01
9.039039039039039380e+00,8.865898657333852739e-01
9.249249249249249516e+00,8.867104311657780791e-01
9.459459459459459651e+00,8.868265074570830242e-01
9.669669669669669787e+00,8.869382468170319278e-01
9.879879879879879923e+00,8.870457962945025310e-01
1.009009009009009006e+01,8.871492979525057443e-01
1.030030030030030019e+01,8.872488890372350889e-01
1.051051051051051033e+01,8.873447021413870539e-01
1.072072072072072046e+01,8.874368653619445491e-01
1.093093093093093060e+01,8.875255024526091940e-01
1.114114114114114074e+01,8.876107329710644089e-01
1.135135135135135265e+01,8.876926724212466091e-01
1.156156156156156278e+01,8.877714323907940352e-01
1.177177177177177292e+01,8.878471206838305374e-01
1.198198198198198305e+01,8.879198414492533997e-01
1.219219219219219319e+01,8.879896953046659824e-01
1.240240240240240333e+01,8.880567794561109451e-01
1.261261261261261346e+01,8.881211878137436067e-01
1.282282282282282360e+01,8.881830111035827757e-01
1.303303303303303373e+01,8.882423369754722797e-01
1.324324324324324387e+01,8.882992501073833091e-01
1.345345345345345400e+01,8.883538323061785924e-01
1.366366366366366414e+01,8.884061626049604143e-01
1.387387387387387427e+01,8.884563173571192740e-01
1.408408408408408441e+01,8.885043703271924276e-01
1.429429429429429455e+01,8.885503927786410072e-01
1.450450450450450468e+01,8.885944535586539628e-01
1.471471471471471482e+01,8.886366191800720848e-01
1.492492492492492495e+01,8.886769539005398011e-01
1.513513513513513509e+01,8.887155197989679012e-01
1.534534534534534522e+01,8.887523768494073328e-01
1.555555555555555536e+01,8.887875829924162252e-01
1.576576576576576727e+01,8.888211942040091795e-01
1.597597597597597741e+01,8.888532645622658768e-01
1.618618618618618754e+01,8.888838463116842670e-01
1.639639639639639768e+01,8.889129899253491729e-01
1.660660660660660781e+01,8.889407441649948005e-01
1.681681681681681795e+01,8.889671561390299903e-01
1.702702702702702808e+01,8.889922713585964864e-01
1.723723723723723822e+01,8.890161337917258377e-01
1.744744744744744835e+01,8.890387859156601014e-01
1.765765765765765849e+01,8.890602687673999638e-01
1.786786786786786863e+01,8.890806219925363463e-01
1.807807807807807876e+01,8.890998838924291103e-01
1.828828828828828890e+01,8.891180914697841553e-01
1.849849849849849903e+01,8.891352804726858627e-01
1.870870870870870917e+01,8.891514854371369569e-01
1.891891891891891930e+01,8.891667397281554086e-01
1.912912912912912944e+01,8.891810755794773424e-01
1.933933933933933957e+01,8.891945241319157978e-01
1.954954954954954971e+01,8.892071154704165314e-01
1.975975975975975985e+01,8.892188786598591577e-01
1.996996996996996998e+01,8.892298417796433707e-01
2.018018018018018012e+01,8.892400319571027723e-01
2.039039039039039025e+01,8.892494753997860490e-01
2.060060060060060039e+01,8.892581974266431377e-01
2.081081081081081052e+01,8.892662224981546792e-01
2.102102102102102066e+01,8.892735742454388470e-01
2.123123123123123079e+01,8.892802754983721858e-01
2.144144144144144093e+01,8.892863483127568802e-01
2.165165165165165106e+01,8.892918139965663160e-01
2.186186186186186120e+01,8.892966931353011306e-01
2.207207207207207134e+01,8.893010056164859511e-01
2.228228228228228147e+01,8.893047706533345753e-01
2.249249249249249516e+01,8.893080068076135714e-01
2.270270270270270530e+01,8.893107320117303871e-01
2.291291291291291543e+01,8.893129635900725027e-01
2.312312312312312557e+01,8.893147182796230510e-01
2.333333333333333570e+01,8.893160122498772191e-01
2.354354354354354584e+01,8.893168611220843012e-01
2.375375375375375597e+01,8.893172799878357182e-01
2.396396396396396611e+01,8.893172834270248739e-01
2.417417417417417624e+01,8.893168855251954996e-01
2.438438438438438638e+01,8.893160998903041348e-01
2.459459459459459651e+01,8.893149396689132846e-01
2.480480480480480665e+01,8.893134175618349069e-01
2.501501501501501679e+01,8.893115458392448769e-01
2.522522522522522692e+01,8.893093363552836417e-01
2.543543543543543706e+01,8.893068005621626027e-01
2.564564564564564719e+01,8.893039495237922143e-01
2.585585585585585733e+01,8.893007939289475638e-01
2.606606606606606746e+01,8.892973441039877525e-01
2.627627627627627760e+01,8.892936100251441767e-01
2.648648648648648773e+01,8.892896013303920322e-01
2.669669669669669787e+01,8.892853273309191398e-01
2.690690690690690801e+01,8.892807970222061931e-01
2.711711711711711814e+01,8.892760190947313070e-01
2.732732732732732828e+01,8.892710019443114122e-01
2.753753753753753841e+01,8.892657536820928188e-01
2.774774774774774855e+01,8.892602821442037175e-01
2.795795795795795868e+01,8.892545949010787210e-01
2.816816816816816882e+01,8.892486992664678791e-01
2.837837837837837895e+01,8.892426023061391627e-01
2.858858858858858909e+01,8.892363108462879584e-01
2.879879879879879923e+01,8.892298314816582394e-01
2.900900900900900936e+01,8.892231705833916200e-01
2.921921921921921950e+01,8.892163343066085135e-01
2.942942942942942963e+01,8.892093285977319406e-01
2.963963963963963977e+01,8.892021592015649789e-01
2.984984984984984990e+01,8.891948316681254072e-01
3.006006006006006004e+01,8.891873513592514211e-01
3.027027027027027017e+01,8.891797234549814188e-01
3.048048048048048031e+01,8.891719529597180705e-01
3.069069069069069045e+01,8.891640447081837761e-01
3.090090090090090058e+01,8.891560033711740640e-01
3.111111111111111072e+01,8.891478334611149226e-01
3.132132132132132085e+01,8.891395393374335043e-01
3.153153153153153454e+01,8.891311252117449770e-01
3.174174174174174468e+01,8.891225951528646254e-01
3.195195195195195481e+01,8.891139530916497558e-01
3.216216216216216139e+01,8.891052028256769546e-01
3.237237237237237508e+01,8.890963480237613625e-01
3.258258258258258167e+01,8.890873922303224042e-01
3.279279279279279535e+01,8.890783388696018585e-01
3.300300300300300194e+01,8.890691912497384886e-01
3.321321321321321562e+01,8.890599525667036707e-01
3.342342342342342221e+01,8.890506259081066842e-01
3.363363363363363590e+01,8.890412142568669962e-01
3.384384384384384248e+01,8.890317204947646434e-01
3.405405405405405617e+01,8.890221474058694895e-01
3.426426426426426275e+01,8.890124976798536860e-01
3.447447447447447644e+01,8.890027739151934449e-01
3.468468468468468302e+01,8.889929786222597885e-01
3.489489489489489671e+01,8.889831142263070474e-01
3.510510510510510329e+01,8.889731830703579973e-01
3.531531531531531698e+01,8.889631874179926285e-01
3.552552552552552356e+01,8.889531294560413244e-01
3.573573573573573725e+01,8.889430112971871134e-01
3.594594594594595094e+01,8.889328349824802133e-01
3.615615615615615752e+01,8.889226024837668660e-01
3.636636636636637121e+01,8.889123157060343505e-01
3.657657657657657779e+01,8.889019764896802789e-01
3.678678678678679148e+01,8.888915866127005128e-01
3.699699699699699806e+01,8.888811477928059146e-01
3.720720720720721175e+01,8.888706616894663792e-01
3.741741741741741833e+01,8.888601299058855876e-01
3.762762762762763202e+01,8.888495539909082588e-01
3.783783783783783861e+01,8.888389354408641196e-01
3.804804804804805229e+01,8.888282757013474811e-01
3.825825825825825888e+01,8.888175761689381948e-01
3.846846846846847257e+01,8.888068381928636574e-01
3.867867867867867915e+01,8.887960630766036374e-01
3.888888888888889284e+01,8.887852520794418121e-01
3.909909909909909942e+01,8.887744064179649017e-01
3.930930930930931311e+01,8.887635272675090681e-01
3.951951951951951969e+01,8.887526157635593504e-01
3.972972972972973338e+01,8.887416730031011403e-01
3.993993993993993996e+01,8.887307000459251372e-01
4.015015015015015365e+01,8.887196979158882293e-01
4.036036036036036023e+01,8.887086676021321852e-01
4.057057057057057392e+01,8.886976100602610451e-01
4.078078078078078050e+01,8.886865262134776566e-01
4.099099099099099419e+01,8.886754169536825732e-01
4.120120120120120077e+01,8.886642831425355382e-01
4.141141141141141446e+01,8.886531256124803324e-01
4.162162162162162105e+01,8.886419451677360914e-01
4.183183183183183473e+01,8.886307425852536523e-01
4.204204204204204132e+01,8.886195186156401471e-01
4.225225225225225500e+01,8.886082739840531763e-01
4.246246246246246159e+01,8.885970093910624534e-01
4.267267267267267528e+01,8.885857255134838040e-01
4.288288288288288186e+01,8.885744230051855208e-01
4.309309309309309555e+01,8.885631024978648540e-01
4.330330330330330213e+01,8.885517646018010751e-01
4.351351351351351582e+01,8.885404099065811190e-01
4.372372372372372240e+01,8.885290389818012446e-01
4.393393393393393609e+01,8.885176523777448265e-01
4.414414414414414267e+01,8.885062506260370530e-01
4.435435435435435636e+01,8.884948342402779753e-01
4.456456456456456294e+01,8.884834037166532417e-01
4.477477477477477663e+01,8.884719595345245136e-01
4.498498498498499032e+01,8.884605021570006755e-01
4.519519519519519690e+01,8.884490320314877287e-01
4.540540540540541059e+01,8.884375495902221420e-01
4.561561561561561717e+01,8.884260552507847741e-01
4.582582582582583086e+01,8.884145494165980317e-01
4.603603603603603744e+01,8.884030324774055964e-01
4.624624624624625113e+01,8.883915048097362765e-01
4.645645645645645772e+01,8.883799667773529807e-01
4.666666666666667140e+01,8.883684187316835956e-01
4.687687687687687799e+01,8.883568610122413167e-01
4.708708708708709167e+01,8.883452939470276588e-01
4.729729729729729826e+01,8.883337178529221445e-01
4.750750750750751195e+01,8.883221330360610013e-01
4.771771771771771853e+01,8.883105397921998714e-01
4.792792792792793222e+01,8.882989384070668626e-01
4.813813813813813880e+01,8.882873291567018326e-01
4.834834834834835249e+01,8.882757123077850148e-01
4.855855855855855907e+01,8.882640881179552084e-01
4.876876876876877276e+01,8.882524568361149786e-01
4.897897897897897934e+01,8.882408187027277524e-01
4.918918918918919303e+01,8.882291739501039229e-01
4.939939939939939961e+01,8.882175228026768510e-01
4.960960960960961330e+01,8.882058654772702067e-01
4.981981981981981988e+01,8.881942021833562073e-01
5.003003003003003357e+01,8.881825331233045295e-01
5.024024024024024015e+01,8.881708584926234495e-01
5.045045045045045384e+01,8.881591784801916578e-01
5.066066066066066043e+01,8.881474932684844115e-01
5.087087087087087411e+01,8.881358030337896947e-01
5.108108108108108070e+01,8.881241079464180510e-01
5.129129129129129439e+01,8.881124081709054208e-01
5.150150150150150097e+01,8.881007038662093178e-01
5.171171171171171466e+01,8.880889951858974563e-01
5.192192192192192124e+01,8.880772822783300491e-01
5.213213213213213493e+01,8.880655652868379990e-01
5.234234234234234151e+01,8.880538443498914303e-01
5.255255255255255520e+01,8.880421196012663332e-01
5.276276276276276178e+01,8.880303911702022157e-01
5.297297297297297547e+01,8.880186591815567576e-01
5.318318318318318205e+01,8.880069237559543582e-01
5.339339339339339574e+01,8.879951850099290223e-01
5.360360360360360232e+01,8.879834430560641367e-01
5.381381381381381601e+01,8.879716980031253648e-01
5.402402402402402970e+01,8.879599499561907638e-01
5.423423423423423628e+01,8.879481990167755745e-01
5.444444444444444997e+01,8.879364452829527909e-01
5.465465465465465655e+01,8.879246888494704004e-01
5.486486486486487024e+01,8.879129298078637378e-01
5.507507507507507682e+01,8.879011682465645094e-01
5.528528528528529051e+01,8.878894042510060425e-01
5.549549549549549710e+01,8.878776379037249811e-01
5.570570570570571078e+01,8.878658692844593192e-01
5.591591591591591737e+01,8.878540984702437688e-01
5.612612612612613106e+01,8.878423255355004651e-01
5.633633633633633764e+01,8.878305505521290053e-01
5.654654654654655133e+01,8.878187735895904931e-01
5.675675675675675791e+01,8.878069947149909158e-01
5.696696696696697160e+01,8.877952139931614139e-01
5.717717717717717818e+01,8.877834314867345533e-01
5.738738738738739187e+01,8.877716472562190431e-01
5.759759759759759845e+01,8.877598613600724553e-01
5.780780780780781214e+01,8.877480738547703920e-01
5.801801801801801872e+01,8.877362847948729874e-01
5.822822822822823241e+01,8.877244942330907440e-01
5.843843843843843899e+01,8.877127022203469275e-01
5.864864864864865268e+01,8.877009088058384068e-01
5.885885885885885926e+01,8.876891140370937183e-01
5.906906906906907295e+01,8.876773179600297992e-01
5.927927927927927954e+01,8.876655206190069425e-01
5.948948948948949322e+01,8.876537220568814224e-01
5.969969969969969981e+01,8.876419223150558979e-01
5.990990990990991349e+01,8.876301214335298173e-01
6.012012012012012008e+01,8.876183194509461583e-01
6.033033033033033377e+01,8.876065164046377243e-01
6.054054054054054035e+01,8.875947123306713316e-01
6.075075075075075404e+01,8.875829072638909967e-01
6.096096096096096062e+01,8.875711012379594589e-01
6.117117117117117431e+01,8.875592942853977041e-01
6.138138138138138089e+01,8.875474864376245998e-01
6.159159159159159458e+01,8.875356777249930884e-01
6.180180180180180116e+01,8.875238681768276017e-01
6.201201201201201485e+01,8.875120578214578115e-01
6.222222222222222143e+01,8.875002466862529360e-01
6.243243243243243512e+01,8.874884347976544907e-01
6.264264264264264170e+01,8.874766221812069311e-01
6.285285285285285539e+01,8.874648088615890718e-01
6.306306306306306908e+01,8.874529948626428411e-01
6.327327327327327566e+01,8.874411802074015920e-01
6.348348348348348935e+01,8.874293649181179688e-01
6.369369369369369593e+01,8.874175490162898861e-01
6.390390390390390962e+01,8.874057325226863968e-01
6.411411411411411621e+01,8.873939154573725618e-01
6.432432432432432279e+01,8.873820978397328751e-01
6.453453453453454358e+01,8.873702796884944677e-01
6.474474474474475016e+01,8.873584610217497559e-01
6.495495495495495675e+01,8.873466418569778691e-01
6.516516516516516333e+01,8.873348222110647443e-01
6.537537537537538412e+01,8.873230021003243317e-01
6.558558558558559071e+01,8.873111815405169134e-01
6.579579579579579729e+01,8.872993605468688649e-01
6.600600600600600387e+01,8.872875391340899753e-01
6.621621621621622467e+01,8.872757173163916544e-01
6.642642642642643125e+01,8.872638951075028091e-01
6.663663663663663783e+01,8.872520725206876069e-01
6.684684684684684441e+01,8.872402495687601309e-01
6.705705705705706521e+01,8.872284262640995900e-01
6.726726726726727179e+01,8.872166026186663057e-01
6.747747747747747837e+01,8.872047786440142580e-01
6.768768768768768496e+01,8.871929543513061844e-01
6.789789789789790575e+01,8.871811297513262362e-01
6.810810810810811233e+01,8.871693048544927462e-01
6.831831831831831892e+01,8.871574796708708854e-01
6.852852852852852550e+01,8.871456542101846532e-01
6.873873873873874629e+01,8.871338284818282016e-01
6.894894894894895288e+01,8.871220024948772709e-01
6.915915915915915946e+01,8.871101762580998473e-01
6.936936936936936604e+01,8.870983497799665995e-01
6.957957957957958683e+01,8.870865230686610925e-01
6.978978978978979342e+01,8.870746961320891133e-01
7.000000000000000000e+01,8.870628689778887743e-01
7.021021021021020658e+01,8.870510416134390619e-01
7.042042042042042738e+01,8.870392140458684960e-01
7.063063063063063396e+01,8.870273862820645672e-01
7.084084084084084054e+01,8.870155583286805090e-01
7.105105105105104712e+01,8.870037301921442907e-01
7.126126126126126792e+01,8.869919018786659448e-01
7.147147147147147450e+01,8.869800733942451165e-01
7.168168168168168108e+01,8.869682447446775031e-01
7.189189189189190188e+01,8.869564159355629585e-01
7.210210210210210846e+01,8.869445869723108222e-01
7.231231231231231504e+01,8.869327578601474693e-01
7.252252252252252163e+01,8.869209286041218609e-01
7.273273273273274242e+01,8.869090992091118730e-01
7.294294294294294900e+01,8.868972696798301802e-01
7.315315315315315559e+01,8.868854400208289190e-01
7.336336336336336217e+01,8.868736102365066820e-01
7.357357357357358296e+01,8.868617803311128478e-01
7.378378378378378954e+01,8.868499503087521330e-01
7.399399399399399613e+01,8.868381201733905872e-01
7.420420420420420271e+01,8.868262899288597012e-01
7.441441441441442350e+01,8.868144595788609585e-01
7.462462462462463009e+01,8.868026291269704986e-01
7.483483483483483667e+01,8.867907985766428913e-01
7.504504504504504325e+01,8.867789679312156892e-01
7.525525525525526405e+01,8.867671371939137570e-01
7.546546546546547063e+01,8.867553063678519365e-01
7.567567567567567721e+01,8.867434754560397092e-01
7.588588588588588379e+01,8.867316444613848603e-01
7.609609609609610459e+01,8.867198133866959209e-01
7.630630630630631117e+01,8.867079822346867202e-01
7.651651651651651775e+01,8.866961510079789388e-01
7.672672672672672434e+01,8.866843197091051065e-01
7.693693693693694513e+01,8.866724883405123769e-01
7.714714714714715171e+01,8.866606569045646369e-01
7.735735735735735830e+01,8.866488254035453931e-01
7.756756756756756488e+01,8.866369938396611028e-01
7.777777777777778567e+01,8.866251622150435052e-01
7.798798798798799226e+01,8.866133305317516200e-01
7.819819819819819884e+01,8.866014987917747447e-01
7.840840840840840542e+01,8.865896669970351196e-01
7.861861861861862621e+01,8.865778351493894816e-01
7.882882882882883280e+01,8.865660032506316179e-01
7.903903903903903938e+01,8.865541713024945869e-01
7.924924924924924596e+01,8.865423393066526048e-01
7.945945945945946676e+01,8.865305072647232665e-01
7.966966966966967334e+01,8.865186751782690999e-01
7.987987987987987992e+01,8.865068430487997864e-01
8.009009009009008651e+01,8.864950108777738258e-01
8.030030030030030730e+01,8.864831786666005353e-01
8.051051051051051388e+01,8.864713464166408263e-01
8.072072072072072046e+01,8.864595141292098690e-01
8.093093093093094126e+01,8.864476818055779805e-01
8.114114114114114784e+01,8.864358494469730676e-01
8.135135135135135442e+01,8.864240170545805153e-01
8.156156156156156101e+01,8.864121846295461848e-01
8.177177177177178180e+01,8.864003521729768575e-01
8.198198198198198838e+01,8.863885196859415672e-01
8.219219219219219497e+01,8.863766871694733762e-01
8.240240240240240155e+01,8.863648546245702642e-01
8.261261261261262234e+01,8.863530220521963487e-01
8.282282282282282893e+01,8.863411894532831070e-01
8.303303303303303551e+01,8.863293568287303748e-01
8.324324324324324209e+01,8.863175241794074566e-01
8.345345345345346288e+01,8.863056915061541252e-01
8.366366366366366947e+01,8.862938588097819537e-01
8.387387387387387605e+01,8.862820260910747594e-01
8.408408408408408263e+01,8.862701933507898255e-01
8.429429429429430343e+01,8.862583605896587891e-01
8.450450450450451001e+01,8.862465278083884179e-01
8.471471471471471659e+01,8.862346950076614993e-01
8.492492492492492318e+01,8.862228621881379498e-01
8.513513513513514397e+01,8.862110293504548153e-01
8.534534534534535055e+01,8.861991964952281586e-01
8.555555555555555713e+01,8.861873636230523932e-01
8.576576576576576372e+01,8.861755307345026145e-01
8.597597597597598451e+01,8.861636978301337120e-01
8.618618618618619109e+01,8.861518649104823675e-01
8.639639639639639768e+01,8.861400319760662780e-01
8.660660660660660426e+01,8.861281990273864873e-01
8.681681681681682505e+01,8.861163660649264973e-01
8.702702702702703164e+01,8.861045330891533789e-01
8.723723723723723822e+01,8.860927001005187709e-01
8.744744744744744480e+01,8.860808670994586578e-01
8.765765765765766560e+01,8.860690340863942582e-01
8.786786786786787218e+01,8.860572010617325800e-01
8.807807807807807876e+01,8.860453680258670861e-01
8.828828828828828534e+01,8.860335349791775839e-01
8.849849849849850614e+01,8.860217019220308909e-01
8.870870870870871272e+01,8.860098688547817236e-01
8.891891891891891930e+01,8.859980357777724747e-01
8.912912912912912589e+01,8.859862026913342126e-01
8.933933933933934668e+01,8.859743695957865706e-01
8.954954954954955326e+01,8.859625364914386347e-01
8.975975975975975985e+01,8.859507033785883889e-01
8.996996996996998064e+01,8.859388702575243801e-01
9.018018018018018722e+01,8.859270371285250523e-01
9.039039039039039380e+01,8.859152039918595234e-01
9.060060060060060039e+01,8.859033708477875857e-01
9.081081081081082118e+01,8.858915376965604827e-01
9.102102102102102776e+01,8.858797045384207980e-01
9.123123123123123435e+01,8.858678713736028998e-01
9.144144144144144093e+01,8.858560382023330515e-01
9.165165165165166172e+01,8.858442050248303001e-01
9.186186186186186831e+01,8.858323718413059211e-01
9.207207207207207489e+01,8.858205386519638624e-01
9.228228228228228147e+01,8.858087054570017438e-01
9.249249249249250227e+01,8.857968722566097464e-01
9.270270270270270885e+01,8.857850390509721672e-01
9.291291291291291543e+01,8.857732058402668640e-01
9.312312312312312201e+01,8.857613726246658103e-01
9.333333333333334281e+01,8.857495394043346515e-01
9.354354354354354939e+01,8.857377061794339257e-01
9.375375375375375597e+01,8.857258729501187311e-01
9.396396396396396256e+01,8.857140397165383927e-01
9.417417417417418335e+01,8.857022064788380167e-01
9.438438438438438993e+01,8.856903732371568250e-01
9.459459459459459651e+01,8.856785399916301538e-01
9.480480480480480310e+01,8.856667067423882322e-01
9.501501501501502389e+01,8.856548734895569597e-01
9.522522522522523047e+01,8.856430402332580165e-01
9.543543543543543706e+01,8.856312069736091974e-01
9.564564564564564364e+01,8.856193737107239672e-01
9.585585585585586443e+01,8.856075404447119048e-01
9.606606606606607102e+01,8.855957071756792587e-01
9.627627627627627760e+01,8.855838739037283913e-01
9.648648648648648418e+01,8.855720406289581126e-01
9.669669669669670498e+01,8.855602073514642347e-01
9.690690690690691156e+01,8.855483740713389063e-01
9.711711711711711814e+01,8.855365407886716111e-01
9.732732732732732472e+01,8.855247075035481696e-01
9.753753753753754552e+01,8.855128742160520705e-01
9.774774774774775210e+01,8.855010409262639159e-01
9.795795795795795868e+01,8.854892076342609775e-01
9.816816816816816527e+01,8.854773743401188613e-01
9.837837837837838606e+01,8.854655410439097318e-01
9.858858858858859264e+01,8.854537077457039773e-01
9.879879879879879923e+01,8.854418744455688772e-01
9.900900900900902002e+01,8.854300411435702678e-01
9.921921921921922660e+01,8.854182078397710987e-01
9.942942942942943318e+01,8.854063745342325431e-01
9.963963963963963977e+01,8.853945412270134430e-01
9.984984984984986056e+01,8.853827079181708637e-01
1.000600600600600671e+02,8.853708746077599834e-01
1.002702702702702737e+02,8.853590412958336486e-01
1.004804804804804803e+02,8.853472079824433738e-01
1.006906906906907011e+02,8.853353746676390079e-01
1.009009009009009077e+02,8.853235413514682906e-01
1.011111111111111143e+02,8.853117080339775180e-01
1.013213213213213209e+02,8.852998747152116543e-01
1.015315315315315416e+02,8.852880413952136651e-01
1.017417417417417482e+02,8.852762080740257389e-01
1.019519519519519548e+02,8.852643747516877326e-01
1.021621621621621614e+02,8.852525414282388372e-01
1.023723723723723822e+02,8.852407081037169112e-01
1.025825825825825888e+02,8.852288747781579259e-01
1.027927927927927954e+02,8.852170414515975194e-01
1.030030030030030019e+02,8.852052081240693315e-01
1.032132132132132227e+02,8.851933747956063359e-01
1.034234234234234293e+02,8.851815414662400627e-01
1.036336336336336359e+02,8.851697081360011543e-01
1.038438438438438425e+02,8.851578748049193646e-01
1.040540540540540633e+02,8.851460414730231152e-01
1.042642642642642699e+02,8.851342081403400508e-01
1.044744744744744764e+02,8.851223748068970387e-01
1.046846846846846830e+02,8.851105414727196141e-01
1.048948948948949038e+02,8.850987081378328680e-01
1.051051051051051104e+02,8.850868748022606702e-01
1.053153153153153170e+02,8.850750414660262244e-01
1.055255255255255236e+02,8.850632081291521791e-01
1.057357357357357444e+02,8.850513747916600726e-01
1.059459459459459509e+02,8.850395414535709993e-01
1.061561561561561575e+02,8.850277081149050540e-01
1.063663663663663641e+02,8.850158747756819988e-01
1.065765765765765849e+02,8.850040414359203744e-01
1.067867867867867915e+02,8.849922080956388326e-01
1.069969969969969981e+02,8.849803747548546928e-01
1.072072072072072046e+02,8.849685414135852746e-01
1.074174174174174254e+02,8.849567080718467871e-01
1.076276276276276320e+02,8.849448747296552176e-01
1.078378378378378386e+02,8.849330413870259981e-01
1.080480480480480594e+02,8.849212080439737838e-01
1.082582582582582660e+02,8.849093747005132293e-01
1.084684684684684726e+02,8.848975413566581016e-01
1.086786786786786791e+02,8.848857080124213903e-01
1.088888888888888999e+02,8.848738746678164180e-01
1.090990990990991065e+02,8.848620413228556192e-01
1.093093093093093131e+02,8.848502079775508733e-01
1.095195195195195197e+02,8.848383746319141707e-01
1.097297297297297405e+02,8.848265412859563916e-01
1.099399399399399471e+02,8.848147079396887493e-01
1.101501501501501536e+02,8.848028745931215688e-01
1.103603603603603602e+02,8.847910412462649532e-01
1.105705705705705810e+02,8.847792078991290055e-01
1.107807807807807876e+02,8.847673745517228294e-01
1.109909909909909942e+02,8.847555412040558620e-01
1.112012012012012008e+02,8.847437078561367629e-01
1.114114114114114216e+02,8.847318745079740809e-01
1.116216216216216282e+02,8.847200411595763647e-01
1.118318318318318347e+02,8.847082078109512748e-01
1.120420420420420413e+02,8.846963744621065828e-01
1.122522522522522621e+02,8.846845411130499492e-01
1.124624624624624687e+02,8.846727077637881465e-01
1.126726726726726753e+02,8.846608744143285019e-01
1.128828828828828819e+02,8.846490410646774549e-01
1.130930930930931027e+02,8.846372077148417779e-01
1.133033033033033092e+02,8.846253743648274659e-01
1.135135135135135158e+02,8.846135410146408473e-01
1.137237237237237224e+02,8.846017076642873622e-01
1.139339339339339432e+02,8.845898743137731168e-01
1.141441441441441498e+02,8.845780409631032182e-01
1.143543543543543564e+02,8.845662076122832174e-01
1.145645645645645629e+02,8.845543742613178884e-01
1.147747747747747837e+02,8.845425409102125602e-01
1.149849849849849903e+02,8.845307075589716739e-01
1.151951951951951969e+02,8.845188742075998922e-01
1.154054054054054035e+02,8.845070408561017672e-01
1.156156156156156243e+02,8.844952075044812956e-01
1.158258258258258309e+02,8.844833741527429183e-01
1.160360360360360374e+02,8.844715408008906321e-01
1.162462462462462440e+02,8.844597074489281008e-01
1.164564564564564648e+02,8.844478740968590991e-01
1.166666666666666714e+02,8.844360407446875127e-01
1.168768768768768780e+02,8.844242073924163394e-01
1.170870870870870988e+02,8.844123740400494649e-01
1.172972972972973054e+02,8.844005406875898867e-01
1.175075075075075119e+02,8.843887073350404915e-01
1.177177177177177185e+02,8.843768739824048319e-01
1.179279279279279393e+02,8.843650406296855726e-01
1.181381381381381459e+02,8.843532072768853780e-01
1.183483483483483525e+02,8.843413739240073568e-01
1.185585585585585591e+02,8.843295405710539514e-01
1.187687687687687799e+02,8.843177072180277154e-01
1.189789789789789864e+02,8.843058738649310913e-01
1.191891891891891930e+02,8.842940405117665215e-01
1.193993993993993996e+02,8.842822071585363375e-01
1.196096096096096204e+02,8.842703738052426488e-01
1.198198198198198270e+02,8.842585404518878978e-01
1.200300300300300336e+02,8.842467070984737498e-01
1.202402402402402402e+02,8.842348737450024254e-01
1.204504504504504609e+02,8.842230403914759229e-01
1.206606606606606675e+02,8.842112070378960187e-01
1.208708708708708741e+02,8.841993736842644891e-01
1.210810810810810807e+02,8.841875403305833325e-01
1.212912912912913015e+02,8.841757069768537702e-01
1.215015015015015081e+02,8.841638736230779116e-01
1.217117117117117147e+02,8.841520402692570890e-01
1.219219219219219212e+02,8.841402069153929677e-01
1.221321321321321420e+02,8.841283735614867689e-01
1.223423423423423486e+02,8.841165402075399360e-01
1.225525525525525552e+02,8.841047068535542452e-01
1.227627627627627618e+02,8.840928734995306959e-01
1.229729729729729826e+02,8.840810401454705092e-01
1.231831831831831892e+02,8.840692067913751284e-01
1.233933933933933957e+02,8.840573734372456638e-01
1.236036036036036023e+02,8.840455400830832255e-01
1.238138138138138231e+02,8.840337067288889239e-01
1.240240240240240297e+02,8.840218733746638691e-01
1.242342342342342363e+02,8.840100400204092823e-01
1.244444444444444429e+02,8.839982066661258298e-01
1.246546546546546637e+02,8.839863733118148437e-01
1.248648648648648702e+02,8.839745399574769902e-01
1.250750750750750768e+02,8.839627066031131575e-01
1.252852852852852834e+02,8.839508732487244558e-01
1.254954954954955042e+02,8.839390398943116622e-01
1.257057057057057108e+02,8.839272065398753320e-01
1.259159159159159174e+02,8.839153731854166862e-01
1.261261261261261382e+02,8.839035398309362801e-01
1.263363363363363447e+02,8.838917064764346687e-01
1.265465465465465513e+02,8.838798731219128513e-01
1.267567567567567579e+02,8.838680397673713829e-01
1.269669669669669787e+02,8.838562064128110407e-01
1.271771771771771853e+02,8.838443730582322688e-01
1.273873873873873919e+02,8.838325397036357334e-01
1.275975975975975985e+02,8.838207063490222115e-01
1.278078078078078192e+02,8.838088729943921473e-01
1.280180180180180116e+02,8.837970396397459849e-01
1.282282282282282324e+02,8.837852062850846124e-01
1.284384384384384532e+02,8.837733729304082519e-01
1.286486486486486456e+02,8.837615395757176806e-01
1.288588588588588664e+02,8.837497062210128984e-01
1.290690690690690872e+02,8.837378728662947935e-01
1.292792792792792795e+02,8.837260395115636991e-01
1.294894894894895003e+02,8.837142061568201701e-01
1.296996996996996927e+02,8.837023728020644286e-01
1.299099099099099135e+02,8.836905394472972519e-01
1.301201201201201343e+02,8.836787060925183068e-01
1.303303303303303267e+02,8.836668727377285926e-01
1.305405405405405475e+02,8.836550393829286643e-01
1.307507507507507682e+02,8.836432060281181888e-01
1.309609609609609606e+02,8.836313726732980545e-01
1.311711711711711814e+02,8.836195393184682612e-01
1.313813813813813738e+02,8.836077059636294750e-01
1.315915915915915946e+02,8.835958726087815851e-01
1.318018018018018154e+02,8.835840392539252575e-01
1.320120120120120077e+02,8.835722058990604921e-01
1.322222222222222285e+02,8.835603725441878442e-01
1.324324324324324493e+02,8.835485391893074247e-01
1.326426426426426417e+02,8.835367058344195668e-01
1.328528528528528625e+02,8.835248724795244923e-01
1.330630630630630549e+02,8.835130391246224235e-01
1.332732732732732757e+02,8.835012057697135823e-01
1.334834834834834965e+02,8.834893724147983018e-01
1.336936936936936888e+02,8.834775390598766931e-01
1.339039039039039096e+02,8.834657057049490891e-01
1.341141141141141304e+02,8.834538723500154900e-01
1.343243243243243228e+02,8.834420389950763397e-01
1.345345345345345436e+02,8.834302056401315273e-01
1.347447447447447644e+02,8.834183722851817189e-01
1.349549549549549567e+02,8.834065389302264704e-01
1.351651651651651775e+02,8.833947055752664479e-01
1.353753753753753699e+02,8.833828722203015404e-01
1.355855855855855907e+02,8.833710388653321921e-01
1.357957957957958115e+02,8.833592055103582918e-01
1.360060060060060039e+02,8.833473721553801727e-01
1.362162162162162247e+02,8.833355388003978348e-01
1.364264264264264455e+02,8.833237054454115000e-01
1.366366366366366378e+02,8.833118720904212795e-01
1.368468468468468586e+02,8.833000387354272842e-01
1.370570570570570510e+02,8.832882053804297362e-01
1.372672672672672718e+02,8.832763720254286355e-01
1.374774774774774926e+02,8.832645386704240931e-01
1.376876876876876850e+02,8.832527053154163310e-01
1.378978978978979058e+02,8.832408719604053493e-01
1.381081081081081265e+02,8.832290386053913700e-01
1.383183183183183189e+02,8.832172052503746151e-01
1.385285285285285397e+02,8.832053718953548627e-01
1.387387387387387321e+02,8.831935385403324457e-01
1.389489489489489529e+02,8.831817051853072531e-01
1.391591591591591737e+02,8.831698718302796181e-01
1.393693693693693660e+02,8.831580384752493185e-01
1.395795795795795868e+02,8.831462051202167984e-01
1.397897897897898076e+02,8.831343717651819469e-01
1.400000000000000000e+02,8.831225384101447640e-01
1.402102102102102208e+02,8.831107050551054716e-01
1.404204204204204132e+02,8.830988717000641808e-01
1.406306306306306340e+02,8.830870383450206695e-01
1.408408408408408548e+02,8.830752049899754930e-01
1.410510510510510471e+02,8.830633716349283180e-01
1.412612612612612679e+02,8.830515382798792556e-01
1.414714714714714887e+02,8.830397049248284169e-01
1.416816816816816811e+02,8.830278715697760239e-01
1.418918918918919019e+02,8.830160382147218545e-01
1.421021021021020942e+02,8.830042048596661308e-01
1.423123123123123150e+02,8.829923715046089638e-01
1.425225225225225358e+02,8.829805381495503536e-01
1.427327327327327282e+02,8.829687047944901890e-01
1.429429429429429490e+02,8.829568714394286921e-01
1.431531531531531698e+02,8.829450380843658630e-01
1.433633633633633622e+02,8.829332047293017016e-01
1.435735735735735830e+02,8.829213713742363190e-01
1.437837837837838038e+02,8.829095380191697151e-01
1.439939939939939961e+02,8.828977046641021120e-01
1.442042042042042169e+02,8.828858713090331767e-01
1.444144144144144093e+02,8.828740379539632421e-01
1.446246246246246301e+02,8.828622045988921974e-01
1.448348348348348509e+02,8.828503712438202644e-01
1.450450450450450433e+02,8.828385378887473323e-01
1.452552552552552640e+02,8.828267045336735119e-01
1.454654654654654848e+02,8.828148711785985814e-01
1.456756756756756772e+02,8.828030378235228737e-01
1.458858858858858980e+02,8.827912044684463888e-01
1.460960960960960904e+02,8.827793711133690158e-01
1.463063063063063112e+02,8.827675377582907545e-01
1.465165165165165320e+02,8.827557044032119382e-01
1.467267267267267243e+02,8.827438710481322337e-01
1.469369369369369451e+02,8.827320376930518631e-01
1.471471471471471659e+02,8.827202043379708263e-01
1.473573573573573583e+02,8.827083709828890123e-01
1.475675675675675791e+02,8.826965376278066433e-01
1.477777777777777715e+02,8.826847042727236081e-01
1.479879879879879923e+02,8.826728709176400178e-01
1.481981981981982130e+02,8.826610375625557614e-01
1.484084084084084054e+02,8.826492042074711719e-01
1.486186186186186262e+02,8.826373708523859163e-01
1.488288288288288470e+02,8.826255374972999945e-01
1.490390390390390394e+02,8.826137041422136287e-01
1.492492492492492602e+02,8.826018707871268187e-01
1.494594594594594525e+02,8.825900374320394537e-01
1.496696696696696733e+02,8.825782040769516446e-01
1.498798798798798941e+02,8.825663707218636134e-01
1.500900900900900865e+02,8.825545373667749161e-01
1.503003003003003073e+02,8.825427040116858857e-01
1.505105105105105281e+02,8.825308706565964112e-01
1.507207207207207205e+02,8.825190373015064926e-01
1.509309309309309413e+02,8.825072039464164630e-01
1.511411411411411336e+02,8.824953705913258784e-01
1.513513513513513544e+02,8.824835372362349606e-01
1.515615615615615752e+02,8.824717038811438208e-01
1.517717717717717676e+02,8.824598705260522369e-01
1.519819819819819884e+02,8.824480371709602089e-01
1.521921921921922092e+02,8.824362038158680699e-01
1.524024024024024015e+02,8.824243704607758199e-01
1.526126126126126223e+02,8.824125371056830147e-01
1.528228228228228431e+02,8.824007037505899875e-01
1.530330330330330355e+02,8.823888703954965163e-01
1.532432432432432563e+02,8.823770370404031560e-01
1.534534534534534487e+02,8.823652036853093517e-01
1.536636636636636695e+02,8.823533703302154363e-01
1.538738738738738903e+02,8.823415369751210768e-01
1.540840840840840826e+02,8.823297036200266064e-01
1.542942942942943034e+02,8.823178702649318028e-01
1.545045045045045242e+02,8.823060369098369993e-01
1.547147147147147166e+02,8.822942035547419737e-01
1.549249249249249374e+02,8.822823701996467260e-01
1.551351351351351298e+02,8.822705368445512564e-01
1.553453453453453506e+02,8.822587034894555647e-01
1.555555555555555713e+02,8.822468701343596509e-01
1.557657657657657637e+02,8.822350367792636261e-01
1.559759759759759845e+02,8.822232034241676013e-01
1.561861861861862053e+02,8.822113700690712434e-01
1.563963963963963977e+02,8.821995367139747746e-01
1.566066066066066185e+02,8.821877033588783057e-01
1.568168168168168108e+02,8.821758700037813927e-01
1.570270270270270316e+02,8.821640366486844798e-01
1.572372372372372524e+02,8.821522032935876778e-01
1.574474474474474448e+02,8.821403699384903208e-01
1.576576576576576656e+02,8.821285365833930747e-01
1.578678678678678864e+02,8.821167032282957177e-01
1.580780780780780788e+02,8.821048698731981386e-01
1.582882882882882996e+02,8.820930365181006705e-01
1.584984984984984919e+02,8.820812031630028693e-01
1.587087087087087127e+02,8.820693698079050682e-01
1.589189189189189335e+02,8.820575364528072670e-01
1.591291291291291259e+02,8.820457030977091328e-01
1.593393393393393467e+02,8.820338697426109986e-01
1.595495495495495675e+02,8.820220363875127534e-01
1.597597597597597598e+02,8.820102030324145082e-01
1.599699699699699806e+02,8.819983696773161519e-01
1.601801801801801730e+02,8.819865363222176846e-01
1.603903903903903938e+02,8.819747029671192173e-01
1.606006006006006146e+02,8.819628696120205280e-01
1.608108108108108070e+02,8.819510362569217277e-01
1.610210210210210278e+02,8.819392029018231494e-01
1.612312312312312486e+02,8.819273695467243490e-01
1.614414414414414409e+02,8.819155361916253266e-01
1.616516516516516617e+02,8.819037028365265263e-01
1.618618618618618825e+02,8.818918694814273929e-01
1.620720720720720749e+02,8.818800361263282594e-01
1.622822822822822957e+02,8.818682027712292371e-01
1.624924924924924881e+02,8.818563694161301036e-01
1.627027027027027088e+02,8.818445360610307482e-01
1.629129129129129296e+02,8.818327027059315038e-01
1.631231231231231220e+02,8.818208693508321483e-01
1.633333333333333428e+02,8.818090359957326818e-01
1.635435435435435636e+02,8.817972026406333264e-01
1.637537537537537560e+02,8.817853692855338599e-01
1.639639639639639768e+02,8.817735359304342824e-01
1.641741741741741691e+02,8.817617025753347049e-01
1.643843843843843899e+02,8.817498692202350163e-01
1.645945945945946107e+02,8.817380358651353278e-01
1.648048048048048031e+02,8.817262025100356393e-01
1.650150150150150239e+02,8.817143691549359508e-01
1.652252252252252447e+02,8.817025357998362622e-01
1.654354354354354371e+02,8.816907024447364627e-01
1.656456456456456579e+02,8.816788690896365521e-01
1.658558558558558502e+02,8.816670357345366416e-01
1.660660660660660710e+02,8.816552023794367310e-01
1.662762762762762918e+02,8.816433690243368204e-01
1.664864864864864842e+02,8.816315356692370209e-01
1.666966966966967050e+02,8.816197023141369993e-01
1.669069069069069258e+02,8.816078689590369777e-01
1.671171171171171181e+02,8.815960356039368451e-01
1.673273273273273389e+02,8.815842022488368235e-01
1.675375375375375313e+02,8.815723688937368019e-01
1.677477477477477521e+02,8.815605355386366693e-01
1.679579579579579729e+02,8.815487021835365367e-01
1.681681681681681653e+02,8.815368688284362930e-01
1.683783783783783861e+02,8.815250354733362714e-01
1.685885885885886069e+02,8.815132021182360278e-01
1.687987987987987992e+02,8.815013687631357842e-01
1.690090090090090200e+02,8.814895354080354295e-01
1.692192192192192124e+02,8.814777020529354079e-01
1.694294294294294332e+02,8.814658686978350532e-01
1.696396396396396540e+02,8.814540353427346986e-01
1.698498498498498464e+02,8.814422019876344550e-01
1.700600600600600671e+02,8.814303686325341003e-01
1.702702702702702879e+02,8.814185352774337456e-01
1.704804804804804803e+02,8.814067019223333910e-01
1.706906906906907011e+02,8.813948685672331473e-01
1.709009009009009219e+02,8.813830352121326817e-01
1.711111111111111143e+02,8.813712018570322160e-01
1.713213213213213351e+02,8.813593685019319723e-01
1.715315315315315274e+02,8.813475351468313956e-01
1.717417417417417482e+02,8.813357017917310410e-01
1.719519519519519690e+02,8.813238684366305753e-01
1.721621621621621614e+02,8.813120350815301096e-01
1.723723723723723822e+02,8.813002017264296439e-01
1.725825825825826030e+02,8.812883683713291783e-01
1.727927927927927954e+02,8.812765350162287126e-01
1.730030030030030161e+02,8.812647016611282469e-01
1.732132132132132085e+02,8.812528683060277812e-01
1.734234234234234293e+02,8.812410349509272045e-01
1.736336336336336501e+02,8.812292015958266278e-01
1.738438438438438425e+02,8.812173682407261621e-01
1.740540540540540633e+02,8.812055348856255854e-01
1.742642642642642841e+02,8.811937015305250087e-01
1.744744744744744764e+02,8.811818681754245430e-01
1.746846846846846972e+02,8.811700348203238553e-01
1.748948948948948896e+02,8.811582014652233896e-01
1.751051051051051104e+02,8.811463681101227019e-01
1.753153153153153312e+02,8.811345347550221252e-01
1.755255255255255236e+02,8.811227013999216595e-01
1.757357357357357444e+02,8.811108680448209718e-01
1.759459459459459651e+02,8.810990346897202841e-01
1.761561561561561575e+02,8.810872013346198184e-01
1.763663663663663783e+02,8.810753679795191307e-01
1.765765765765765707e+02,8.810635346244185540e-01
1.767867867867867915e+02,8.810517012693179772e-01
1.769969969969970123e+02,8.810398679142171785e-01
1.772072072072072046e+02,8.810280345591167128e-01
1.774174174174174254e+02,8.810162012040160251e-01
1.776276276276276462e+02,8.810043678489153374e-01
1.778378378378378386e+02,8.809925344938146496e-01
1.780480480480480594e+02,8.809807011387140729e-01
1.782582582582582518e+02,8.809688677836133852e-01
1.784684684684684726e+02,8.809570344285126975e-01
1.786786786786786934e+02,8.809452010734120098e-01
1.788888888888888857e+02,8.809333677183114331e-01
1.790990990990991065e+02,8.809215343632107453e-01
1.793093093093093273e+02,8.809097010081100576e-01
1.795195195195195197e+02,8.808978676530093699e-01
1.797297297297297405e+02,8.808860342979085711e-01
1.799399399399399613e+02,8.808742009428079944e-01
1.801501501501501536e+02,8.808623675877073067e-01
1.803603603603603744e+02,8.808505342326066190e-01
1.805705705705705668e+02,8.808387008775059313e-01
1.807807807807807876e+02,8.808268675224051325e-01
1.809909909909910084e+02,8.808150341673044448e-01
1.812012012012012008e+02,8.808032008122037571e-01
1.814114114114114216e+02,8.807913674571031803e-01
1.816216216216216424e+02,8.807795341020023816e-01
1.818318318318318347e+02,8.807677007469015829e-01
1.820420420420420555e+02,8.807558673918008951e-01
1.822522522522522479e+02,8.807440340367002074e-01
1.824624624624624687e+02,8.807322006815995197e-01
1.826726726726726895e+02,8.807203673264988320e-01
1.828828828828828819e+02,8.807085339713980332e-01
1.830930930930931027e+02,8.806967006162973455e-01
1.833033033033033234e+02,8.806848672611965467e-01
1.835135135135135158e+02,8.806730339060958590e-01
1.837237237237237366e+02,8.806612005509950603e-01
1.839339339339339290e+02,8.806493671958943725e-01
1.841441441441441498e+02,8.806375338407936848e-01
1.843543543543543706e+02,8.806257004856929971e-01
1.845645645645645629e+02,8.806138671305921983e-01
1.847747747747747837e+02,8.806020337754913996e-01
1.849849849849850045e+02,8.805902004203907119e-01
1.851951951951951969e+02,8.805783670652900241e-01
1.854054054054054177e+02,8.805665337101892254e-01
1.856156156156156101e+02,8.805547003550885377e-01
1.858258258258258309e+02,8.805428669999877389e-01
1.860360360360360517e+02,8.805310336448870512e-01
1.862462462462462440e+02,8.805192002897862524e-01
1.864564564564564648e+02,8.805073669346854537e-01
1.866666666666666856e+02,8.804955335795847660e-01
1.868768768768768780e+02,8.804837002244839672e-01
1.870870870870870988e+02,8.804718668693832795e-01
1.872972972972972912e+02,8.804600335142824807e-01
1.875075075075075119e+02,8.804482001591816820e-01
1.877177177177177327e+02,8.804363668040809943e-01
1.879279279279279251e+02,8.804245334489801955e-01
1.881381381381381459e+02,8.804127000938795078e-01
1.883483483483483667e+02,8.804008667387787090e-01
1.885585585585585591e+02,8.803890333836780213e-01
1.887687687687687799e+02,8.803772000285772226e-01
1.889789789789790007e+02,8.803653666734764238e-01
1.891891891891891930e+02,8.803535333183757361e-01
1.893993993993994138e+02,8.803416999632749373e-01
1.896096096096096062e+02,8.803298666081742496e-01
1.898198198198198270e+02,8.803180332530733398e-01
1.900300300300300478e+02,8.803061998979726521e-01
1.902402402402402402e+02,8.802943665428719644e-01
1.904504504504504609e+02,8.802825331877711657e-01
1.906606606606606817e+02,8.802706998326704779e-01
1.908708708708708741e+02,8.802588664775695682e-01
1.910810810810810949e+02,8.802470331224687694e-01
1.912912912912912873e+02,8.802351997673680817e-01
1.915015015015015081e+02,8.802233664122672829e-01
1.917117117117117289e+02,8.802115330571664842e-01
1.919219219219219212e+02,8.801996997020657965e-01
1.921321321321321420e+02,8.801878663469649977e-01
1.923423423423423628e+02,8.801760329918641990e-01
1.925525525525525552e+02,8.801641996367634002e-01
1.927627627627627760e+02,8.801523662816627125e-01
1.929729729729729684e+02,8.801405329265619137e-01
1.931831831831831892e+02,8.801286995714612260e-01
1.933933933933934100e+02,8.801168662163604273e-01
1.936036036036036023e+02,8.801050328612596285e-01
1.938138138138138231e+02,8.800931995061588298e-01
1.940240240240240439e+02,8.800813661510580310e-01
1.942342342342342363e+02,8.800695327959572323e-01
1.944444444444444571e+02,8.800576994408564335e-01
1.946546546546546494e+02,8.800458660857557458e-01
1.948648648648648702e+02,8.800340327306549471e-01
1.950750750750750910e+02,8.800221993755542593e-01
1.952852852852852834e+02,8.800103660204534606e-01
1.954954954954955042e+02,8.799985326653526618e-01
1.957057057057057250e+02,8.799866993102519741e-01
1.959159159159159174e+02,8.799748659551510643e-01
1.961261261261261382e+02,8.799630326000502656e-01
1.963363363363363305e+02,8.799511992449494668e-01
1.965465465465465513e+02,8.799393658898487791e-01
1.967567567567567721e+02,8.799275325347479804e-01
1.969669669669669645e+02,8.799156991796471816e-01
1.971771771771771853e+02,8.799038658245464939e-01
1.973873873873874061e+02,8.798920324694456951e-01
1.975975975975975985e+02,8.798801991143450074e-01
1.978078078078078192e+02,8.798683657592442087e-01
1.980180180180180400e+02,8.798565324041432989e-01
1.982282282282282324e+02,8.798446990490426112e-01
1.984384384384384532e+02,8.798328656939417014e-01
1.986486486486486456e+02,8.798210323388410137e-01
1.988588588588588664e+02,8.798091989837402149e-01
1.990690690690690872e+02,8.797973656286395272e-01
1.992792792792792795e+02,8.797855322735387285e-01
1.994894894894895003e+02,8.797736989184379297e-01
1.996996996996997211e+02,8.797618655633372420e-01
1.999099099099099135e+02,8.797500322082363322e-01
2.001201201201201343e+02,8.797381988531356445e-01
2.003303303303303267e+02,8.797263654980348457e-01
2.005405405405405475e+02,8.797145321429340470e-01
2.007507507507507682e+02,8.797026987878332482e-01
2.009609609609609606e+02,8.796908654327324495e-01
2.011711711711711814e+02,8.796790320776317618e-01
2.013813813813814022e+02,8.796671987225309630e-01
2.015915915915915946e+02,8.796553653674302753e-01
2.018018018018018154e+02,8.796435320123294765e-01
2.020120120120120077e+02,8.796316986572286778e-01
2.022222222222222285e+02,8.796198653021278790e-01
2.024324324324324493e+02,8.796080319470269693e-01
2.026426426426426417e+02,8.795961985919262816e-01
2.028528528528528625e+02,8.795843652368254828e-01
2.030630630630630833e+02,8.795725318817247951e-01
2.032732732732732757e+02,8.795606985266239963e-01
2.034834834834834965e+02,8.795488651715231976e-01
2.036936936936936888e+02,8.795370318164223988e-01
2.039039039039039096e+02,8.795251984613216001e-01
2.041141141141141304e+02,8.795133651062209124e-01
2.043243243243243228e+02,8.795015317511200026e-01
2.045345345345345436e+02,8.794896983960193149e-01
2.047447447447447644e+02,8.794778650409185161e-01
2.049549549549549567e+02,8.794660316858177174e-01
2.051651651651651775e+02,8.794541983307170296e-01
2.053753753753753699e+02,8.794423649756162309e-01
2.055855855855855907e+02,8.794305316205154321e-01
2.057957957957958115e+02,8.794186982654145224e-01
2.060060060060060039e+02,8.794068649103138346e-01
2.062162162162162247e+02,8.793950315552130359e-01
2.064264264264264455e+02,8.793831982001122372e-01
2.066366366366366378e+02,8.793713648450115494e-01
2.068468468468468586e+02,8.793595314899107507e-01
2.070570570570570794e+02,8.793476981348100630e-01
2.072672672672672718e+02,8.793358647797091532e-01
2.074774774774774926e+02,8.793240314246082434e-01
2.076876876876876850e+02,8.793121980695075557e-01
2.078978978978979058e+02,8.793003647144067569e-01
2.081081081081081265e+02,8.792885313593060692e-01
2.083183183183183189e+02,8.792766980042052705e-01
2.085285285285285397e+02,8.792648646491045827e-01
2.087387387387387605e+02,8.792530312940037840e-01
2.089489489489489529e+02,8.792411979389029852e-01
2.091591591591591737e+02,8.792293645838022975e-01
2.093693693693693660e+02,8.792175312287013877e-01
2.095795795795795868e+02,8.792056978736007000e-01
2.097897897897898076e+02,8.791938645184997903e-01
2.100000000000000000e+02,8.791820311633991025e-01
